built_year,officetel_name,trade_price,contract_date,net_leasable_area,address,legal_code,floor,ward,price_per_area
2004,경희궁의 아침 4단지,35500,20231101,40.03,서울특별시 종로구 내수동,1111011800,16,종로구,886.8348738446165
2004,경희궁의 아침 3단지,30000,20231107,37.5,서울특별시 종로구 내수동,1111011800,9,종로구,800.0
2004,광화문시대,29600,20231206,34.9,서울특별시 종로구 내수동,1111011800,14,종로구,848.137535816619
2004,두산위브파빌리온,30500,20231106,37.42,서울특별시 종로구 수송동,1111012400,9,종로구,815.0721539283805
2004,두산위브파빌리온,52500,20231107,74.84,서울특별시 종로구 수송동,1111012400,10,종로구,701.4965259219668
2007,르메이에르종로타운1,68000,20231102,81.01,서울특별시 종로구 종로1가,1111012600,15,종로구,839.4025428959387
2007,르메이에르종로타운1,89500,20231109,96.92,서울특별시 종로구 종로1가,1111012600,20,종로구,923.4420140321915
2005,운현궁 에스케이 허브,27500,20230107,35.36,서울특별시 종로구 경운동,1111013400,5,종로구,777.7149321266968
2005,운현궁 에스케이 허브,34000,20230109,42.69,서울특별시 종로구 경운동,1111013400,10,종로구,796.439447177325
2005,운현궁 에스케이 허브,31500,20230110,41.12,서울특별시 종로구 경운동,1111013400,7,종로구,766.0505836575876
2020,종로 하이뷰 디아트,23000,20231108,18.16,서울특별시 종로구 관수동,1111015500,11,종로구,1266.5198237885463
2003,코윈 팔레스뷰 오피스텔,15700,20230102,24.03,서울특별시 종로구 원남동,1111015900,3,종로구,653.3499791926758
2022,종로5가역 하이뷰더광장,28840,20230106,18.97,서울특별시 종로구 종로5가,1111016300,3,종로구,1520.2952029520295
2001,대보마로니에텔,14800,20231109,26.52,서울특별시 종로구 연건동,1111016600,3,종로구,558.0693815987934
2013,버넷하임1,12000,20230109,24.65,서울특별시 종로구 숭인동,1111017500,6,종로구,486.81541582150106
2004,종로대우디오빌,15500,20230109,28.89,서울특별시 종로구 숭인동,1111017500,13,종로구,536.5178262374524
2005,동양파라빌,13000,20231206,24.93,서울특별시 종로구 숭인동,1111017500,7,종로구,521.4600882470919
2005,동양파라빌,12900,20231206,24.93,서울특별시 종로구 숭인동,1111017500,11,종로구,517.4488567990373
2016,아폴리움 오피스텔,17000,20230130,15.2,서울특별시 종로구 숭인동,1111017500,8,종로구,1118.421052631579
2005,동양파라빌,14200,20230131,27.09,서울특별시 종로구 숭인동,1111017500,8,종로구,524.1786637135474
2007,명동 엠퍼스트플레이스,26130,20231109,20.84,서울특별시 중구 충무로2가,1114012500,10,중구,1253.8387715930903
2005,대성을지로오피스텔,15000,20230110,25.49,서울특별시 중구 을지로5가,1114015100,4,중구,588.4660651235779
2005,대성을지로오피스텔,14700,20231108,25.49,서울특별시 중구 을지로5가,1114015100,8,중구,576.6967438211063
2013,엘크루 메트로시티,25000,20231101,29.78,서울특별시 중구 충무로3가,1114015800,19,중구,839.4895903290799
2018,제이매크로 타워,20300,20230106,19.35,서울특별시 중구 저동2가,1114016100,9,중구,1049.095607235142
2021,한양립스 이노와이즈,37800,20230109,36.071,서울특별시 중구 황학동,1114016500,6,중구,1047.9332427712013
2014,황학동 복합시설(DUO302),15000,20230109,23.06,서울특별시 중구 황학동,1114016500,15,중구,650.4770164787511
존재하지 않음,주건축물제1동,26700,20231102,41.41,서울특별시 중구 황학동,1114016500,4,중구,644.771794252596
2004,올리브1,13000,20231104,25.05,서울특별시 중구 황학동,1114016500,8,중구,518.9620758483034
2004,신당역올리브2,12400,20231106,23.82,서울특별시 중구 황학동,1114016500,6,중구,520.5709487825357
2014,아미인,12000,20230120,18.62,서울특별시 중구 황학동,1114016500,3,중구,644.4683136412459
2013,한양 I-Class,13000,20230130,19.05,서울특별시 중구 황학동,1114016500,10,중구,682.4146981627297
2013,한양 I-Class,12500,20230131,19.05,서울특별시 중구 황학동,1114016500,3,중구,656.1679790026246
2005,바비엥-2,28000,20231102,44.94,서울특별시 중구 의주로1가,1114016900,6,중구,623.0529595015577
2005,바비엥-2,26000,20230120,41.55,서울특별시 중구 의주로1가,1114016900,11,중구,625.7521058965102
2005,바비엥-2,26000,20231204,41.55,서울특별시 중구 의주로1가,1114016900,11,중구,625.7521058965102
2006,브라운스톤서울,67772,20231102,68.044,서울특별시 중구 중림동,1114017100,12,중구,996.0025865616366
1990,(339-4),19000,20231108,34.38,서울특별시 용산구 후암동,1117010100,5,용산구,552.6468877254217
2022,씨모어,39964,20230106,24.58,서울특별시 용산구 원효로2가,1117011300,9,용산구,1625.8746948738813
2022,씨모어,39398,20230106,24.58,서울특별시 용산구 원효로2가,1117011300,7,용산구,1602.8478437754272
2022,씨모어,39398,20230106,24.58,서울특별시 용산구 원효로2가,1117011300,7,용산구,1602.8478437754272
2022,씨모어,39140,20230106,24.58,서울특별시 용산구 원효로2가,1117011300,7,용산구,1592.3515052888529
2022,씨모어,39140,20230106,24.58,서울특별시 용산구 원효로2가,1117011300,7,용산구,1592.3515052888529
2022,씨모어,39140,20230106,24.58,서울특별시 용산구 원효로2가,1117011300,7,용산구,1592.3515052888529
2022,씨모어,39604,20230106,24.58,서울특별시 용산구 원효로2가,1117011300,8,용산구,1611.2286411716843
2022,씨모어,39604,20230106,24.58,서울특별시 용산구 원효로2가,1117011300,8,용산구,1611.2286411716843
2022,씨모어,39398,20230106,24.58,서울특별시 용산구 원효로2가,1117011300,8,용산구,1602.8478437754272
2022,씨모어,39398,20230106,24.58,서울특별시 용산구 원효로2가,1117011300,8,용산구,1602.8478437754272
2022,씨모어,39398,20230106,24.58,서울특별시 용산구 원효로2가,1117011300,8,용산구,1602.8478437754272
2022,씨모어,39398,20230106,24.58,서울특별시 용산구 원효로2가,1117011300,8,용산구,1602.8478437754272
2022,씨모어,39398,20230106,24.58,서울특별시 용산구 원효로2가,1117011300,8,용산구,1602.8478437754272
2022,씨모어,39140,20230106,24.58,서울특별시 용산구 원효로2가,1117011300,8,용산구,1592.3515052888529
2022,씨모어,39140,20230106,24.58,서울특별시 용산구 원효로2가,1117011300,8,용산구,1592.3515052888529
2022,씨모어,39140,20230106,24.58,서울특별시 용산구 원효로2가,1117011300,8,용산구,1592.3515052888529
2022,씨모어,39964,20230106,24.58,서울특별시 용산구 원효로2가,1117011300,9,용산구,1625.8746948738813
2022,씨모어,39398,20230106,24.58,서울특별시 용산구 원효로2가,1117011300,7,용산구,1602.8478437754272
2022,씨모어,39758,20230106,24.58,서울특별시 용산구 원효로2가,1117011300,9,용산구,1617.4938974776242
2022,씨모어,39758,20230106,24.58,서울특별시 용산구 원효로2가,1117011300,9,용산구,1617.4938974776242
2022,씨모어,39758,20230106,24.58,서울특별시 용산구 원효로2가,1117011300,9,용산구,1617.4938974776242
2022,씨모어,39758,20230106,24.58,서울특별시 용산구 원효로2가,1117011300,9,용산구,1617.4938974776242
2022,씨모어,39758,20230106,24.58,서울특별시 용산구 원효로2가,1117011300,9,용산구,1617.4938974776242
2022,씨모어,39604,20230106,24.58,서울특별시 용산구 원효로2가,1117011300,9,용산구,1611.2286411716843
2022,씨모어,39604,20230106,24.58,서울특별시 용산구 원효로2가,1117011300,9,용산구,1611.2286411716843
2022,씨모어,39604,20230106,24.58,서울특별시 용산구 원효로2가,1117011300,9,용산구,1611.2286411716843
2022,씨모어,40325,20230106,24.58,서울특별시 용산구 원효로2가,1117011300,10,용산구,1640.5614320585844
2022,씨모어,40325,20230106,24.58,서울특별시 용산구 원효로2가,1117011300,10,용산구,1640.5614320585844
2022,씨모어,40119,20230106,24.58,서울특별시 용산구 원효로2가,1117011300,10,용산구,1632.1806346623273
2022,씨모어,40119,20230106,24.58,서울특별시 용산구 원효로2가,1117011300,10,용산구,1632.1806346623273
2022,씨모어,40119,20230106,24.58,서울특별시 용산구 원효로2가,1117011300,10,용산구,1632.1806346623273
2022,씨모어,40119,20230106,24.58,서울특별시 용산구 원효로2가,1117011300,10,용산구,1632.1806346623273
2022,씨모어,39604,20230106,24.58,서울특별시 용산구 원효로2가,1117011300,7,용산구,1611.2286411716843
2022,씨모어,39604,20230106,24.58,서울특별시 용산구 원효로2가,1117011300,7,용산구,1611.2286411716843
2022,씨모어,39398,20230106,24.58,서울특별시 용산구 원효로2가,1117011300,7,용산구,1602.8478437754272
2022,씨모어,39398,20230106,24.58,서울특별시 용산구 원효로2가,1117011300,7,용산구,1602.8478437754272
2003,e테크밸리,23000,20231102,38.12,서울특별시 용산구 원효로3가,1117011700,10,용산구,603.3578174186779
2003,e테크밸리,22000,20231205,38.12,서울특별시 용산구 원효로3가,1117011700,9,용산구,577.1248688352571
2012,프라임펠리스,16300,20230102,18.55,서울특별시 용산구 문배동,1117012200,11,용산구,878.7061994609164
2013,용산큐브,19500,20230108,17.46,서울특별시 용산구 문배동,1117012200,13,용산구,1116.8384879725086
2013,용산큐브,19500,20230130,17.46,서울특별시 용산구 문배동,1117012200,6,용산구,1116.8384879725086
2017,용산푸르지오써밋,70000,20230109,40.8135,서울특별시 용산구 한강로2가,1117012500,25,용산구,1715.1187719749594
2012,위너스타워,60000,20231103,30.24,서울특별시 용산구 한강로2가,1117012500,9,용산구,1984.1269841269843
2009,파크타워,220000,20230120,150.6,서울특별시 용산구 용산동5가,1117012700,15,용산구,1460.8233731739708
1990,(16-91),27000,20230104,39.03,서울특별시 용산구 한강로3가,1117012800,7,용산구,691.7755572636433
1991,삼구빌딩,17700,20230120,39.84,서울특별시 용산구 한강로3가,1117012800,18,용산구,444.2771084337349
2003,노블리안,20750,20231109,30.81,서울특별시 성동구 상왕십리동,1120010100,13,성동구,673.482635507952
2019,센트럴큐브,29000,20230120,35.22,서울특별시 성동구 상왕십리동,1120010100,4,성동구,823.3957978421352
2005,동인 레반트 오피스텔,16500,20230102,27.54,서울특별시 성동구 하왕십리동,1120010200,10,성동구,599.1285403050109
2011,리오파크 오피스텔,14500,20230110,24.07,서울특별시 성동구 하왕십리동,1120010200,14,성동구,602.4096385542168
2018,W에비뉴타워,25000,20230109,23.32,서울특별시 성동구 도선동,1120010400,13,성동구,1072.041166380789
2018,W에비뉴타워,23000,20231103,23.32,서울특별시 성동구 도선동,1120010400,10,성동구,986.2778730703259
1988,(797-16),10950,20230107,24.6,서울특별시 성동구 마장동,1120010500,5,성동구,445.12195121951214
2014,서울숲 더샵,41000,20230109,36.52,서울특별시 성동구 행당동,1120010700,2,성동구,1122.6725082146768
2006,왕십리역이스타빌,21000,20231106,26.22,서울특별시 성동구 행당동,1120010700,9,성동구,800.9153318077804
2003,성수동 뉴타운오피스텔,23500,20230107,32.76,서울특별시 성동구 성수동1가,1120011400,9,성동구,717.3382173382174
2004,이에스에이리버하우스,40000,20231208,39.15,서울특별시 성동구 성수동1가,1120011400,9,성동구,1021.7113665389528
2003,성원상떼뷰오피스텔,20700,20230110,40.94,서울특별시 성동구 성수동2가,1120011500,9,성동구,505.6179775280899
2016,서희스타힐스리버파크,13500,20230106,20.21,서울특별시 성동구 용답동,1120012200,4,성동구,667.9861454725383
2017,리아리움더언타워,17500,20231107,14.3,서울특별시 광진구 중곡동,1121510100,8,광진구,1223.7762237762238
2003,와이엔 오피스텔,13200,20231108,26.82,서울특별시 광진구 구의동,1121510300,3,광진구,492.17002237136467
2003,센트럴빌,18600,20231109,32.19,서울특별시 광진구 구의동,1121510300,10,광진구,577.8191985088537
2022,광진 더프레236,85525,20231206,94.68,서울특별시 광진구 구의동,1121510300,3,광진구,903.3058724123363
2022,광진 더프레236,85525,20231206,94.68,서울특별시 광진구 구의동,1121510300,3,광진구,903.3058724123363
2022,광진 더프레236,82721,20231207,86.52,서울특별시 광진구 구의동,1121510300,3,광진구,956.0910772075821
2003,센트럴빌,17000,20230130,32.19,서울특별시 광진구 구의동,1121510300,3,광진구,528.1143212177695
2021,자양 호반써밋,25600,20230103,18.7434,서울특별시 광진구 자양동,1121510500,5,광진구,1365.8140998964968
2014,타워더모스트광진아크로텔,18700,20230109,22.76,서울특별시 광진구 자양동,1121510500,5,광진구,821.6168717047451
2022,건대입구역자이엘라,31500,20230110,18.9071,서울특별시 광진구 자양동,1121510500,14,광진구,1666.0407994880231
2022,건대입구역자이엘라,30500,20231107,18.5996,서울특별시 광진구 자양동,1121510500,15,광진구,1639.8202111873375
2014,타워더모스트광진아크로텔,20500,20230120,25.21,서울특별시 광진구 자양동,1121510500,15,광진구,813.1693772312574
2019,화양 디펠리체,19300,20230103,20.417,서울특별시 광진구 화양동,1121510700,8,광진구,945.290689131606
2013,케이타워 오피스텔 A,13600,20230104,19.93,서울특별시 광진구 화양동,1121510700,6,광진구,682.3883592574009
2013,케이타워 오피스텔 B,13500,20230104,18.85,서울특별시 광진구 화양동,1121510700,13,광진구,716.1803713527851
2013,케이타워 오피스텔 A,13800,20230104,19.78,서울특별시 광진구 화양동,1121510700,6,광진구,697.6744186046511
2017,광진캠퍼스시티,15000,20231101,17.487,서울특별시 광진구 화양동,1121510700,17,광진구,857.7800651912851
2005,KCC파크타운,18500,20231107,25.79,서울특별시 광진구 화양동,1121510700,3,광진구,717.3322993408298
2005,KCC파크타운,19500,20231107,25.79,서울특별시 광진구 화양동,1121510700,13,광진구,756.107018224118
2018,아스하임,21500,20231207,17.8,서울특별시 광진구 화양동,1121510700,8,광진구,1207.8651685393259
2018,포레스트힐시티,16000,20230104,18.53,서울특별시 동대문구 신설동,1123010100,2,동대문구,863.4646519158122
2022,브릿지하임,22900,20231101,14.905,서울특별시 동대문구 신설동,1123010100,10,동대문구,1536.3971821536397
2004,동광동대문베르빌,15450,20231106,28.31,서울특별시 동대문구 신설동,1123010100,12,동대문구,545.7435535146592
존재하지 않음,동대문 푸르지오시티,18600,20231208,23.47,서울특별시 동대문구 용두동,1123010200,14,동대문구,792.5010651896038
2014,동대문한양아이클래스,12800,20231208,22.33,서울특별시 동대문구 용두동,1123010200,18,동대문구,573.2198835647112
2005,동의보감타워,16000,20231208,36.015,서울특별시 동대문구 용두동,1123010200,16,동대문구,444.25933638761626
2002,제기동오피스텔(유니텔),9200,20230105,23.94,서울특별시 동대문구 제기동,1123010300,3,동대문구,384.2940685045948
2018,다스하우스,15500,20231101,19.3,서울특별시 동대문구 전농동,1123010400,14,동대문구,803.1088082901554
2015,전농동복합시설(청량리역DUO196),13900,20230130,19.99,서울특별시 동대문구 전농동,1123010400,7,동대문구,695.3476738369185
2005,메트로팰리스,10300,20231108,25.33,서울특별시 동대문구 답십리동,1123010500,3,동대문구,406.6324516383735
2019,글로벌팰리스,20000,20230106,31.71,서울특별시 동대문구 장안동,1123010600,6,동대문구,630.7158625039419
2014,양우 내안애 애플,10300,20231106,18.6429,서울특별시 동대문구 장안동,1123010600,10,동대문구,552.4891513659355
2022,프라하임 장안2차,34300,20231106,29.05,서울특별시 동대문구 장안동,1123010600,10,동대문구,1180.722891566265
2003,신부파스칼텔,7700,20230120,22.98,서울특별시 동대문구 장안동,1123010600,2,동대문구,335.0739773716275
2015,현대썬앤빌601,11000,20231206,21.03,서울특별시 동대문구 장안동,1123010600,16,동대문구,523.0622919638611
2002,장안삼성쉐르빌,15800,20230130,43.1,서울특별시 동대문구 장안동,1123010600,4,동대문구,366.5893271461717
2002,휘경동 코업레지던스,6600,20231104,13.86,서울특별시 동대문구 휘경동,1123010900,3,동대문구,476.1904761904762
2022,리브인,33000,20230130,29.74,서울특별시 동대문구 휘경동,1123010900,4,동대문구,1109.616677874916
2013,(256-2),9650,20231207,17.6,서울특별시 동대문구 이문동,1123011000,7,동대문구,548.2954545454545
존재하지 않음,위너빌,29400,20230110,34.53,서울특별시 중랑구 면목동,1126010100,3,중랑구,851.4335360556038
2004,라메즈오피스텔,16000,20231108,26.6,서울특별시 중랑구 상봉동,1126010200,5,중랑구,601.5037593984962
2004,라메즈오피스텔,16000,20231109,26.6,서울특별시 중랑구 상봉동,1126010200,3,중랑구,601.5037593984962
2018,(101-34),13600,20231208,18.092,서울특별시 중랑구 상봉동,1126010200,6,중랑구,751.7134645147027
2003,금강리빙스텔,41000,20230107,35.1,서울특별시 중랑구 신내동,1126010600,1,중랑구,1168.0911680911681
2021,베네스트로프트(BENEST LOFT),30500,20231206,33.8776,서울특별시 중랑구 신내동,1126010600,6,중랑구,900.2999031808629
2003,디아뜨갤러리,16000,20230130,35.1,서울특별시 중랑구 신내동,1126010600,2,중랑구,455.84045584045583
2003,해피엔딩 오피스텔,19000,20230131,29.47,서울특별시 성북구 동소문동6가,1129010900,10,성북구,644.7234475738039
2014,수유역푸르지오시티,14000,20230109,22.4269,서울특별시 강북구 미아동,1130510100,13,강북구,624.2503422229555
2014,수유역푸르지오시티,14000,20231103,22.4269,서울특별시 강북구 미아동,1130510100,6,강북구,624.2503422229555
2014,수유역푸르지오시티,13000,20231206,22.4269,서울특별시 강북구 미아동,1130510100,3,강북구,579.6610320641729
2014,수유역푸르지오시티,12200,20231206,22.4269,서울특별시 강북구 미아동,1130510100,20,강북구,543.9895839371469
2005,수유동이테크밸리오피스텔,10900,20230110,27.81,서울특별시 강북구 수유동,1130510300,17,강북구,391.9453434016541
2022,신화아트빌,21105,20231101,27.04,서울특별시 강북구 수유동,1130510300,3,강북구,780.5103550295859
2022,신화아트빌,21525,20231101,27.64,서울특별시 강북구 수유동,1130510300,3,강북구,778.7626628075253
2022,신화아트빌,22260,20231101,28.58,서울특별시 강북구 수유동,1130510300,3,강북구,778.8663400979707
2022,신화아트빌,22260,20231101,28.58,서울특별시 강북구 수유동,1130510300,4,강북구,778.8663400979707
2022,신화아트빌,21525,20231101,27.64,서울특별시 강북구 수유동,1130510300,4,강북구,778.7626628075253
2022,신화아트빌,21525,20231101,27.64,서울특별시 강북구 수유동,1130510300,4,강북구,778.7626628075253
2022,신화아트빌,21105,20231101,27.04,서울특별시 강북구 수유동,1130510300,4,강북구,780.5103550295859
2022,신화아트빌,21525,20231101,27.64,서울특별시 강북구 수유동,1130510300,3,강북구,778.7626628075253
2021,방학신화 하니엘시티,15000,20230130,15.67,서울특별시 도봉구 방학동,1132010600,13,도봉구,957.2431397574984
2003,엘네스트빌 오피스텔,11200,20230102,22.8,서울특별시 노원구 공릉동,1135010300,6,노원구,491.2280701754386
2012,건양오피스텔,10250,20230109,17.14,서울특별시 노원구 공릉동,1135010300,7,노원구,598.0163360560093
2004,로우폴리스,13000,20231101,27.6,서울특별시 노원구 공릉동,1135010300,8,노원구,471.0144927536232
2003,엘네스트빌 오피스텔,11200,20231103,22.8,서울특별시 노원구 공릉동,1135010300,7,노원구,491.2280701754386
2005,토마토파르코,16800,20230102,36.767,서울특별시 노원구 상계동,1135010500,9,노원구,456.9314874751815
2003,마블러스1,12300,20230103,25.53,서울특별시 노원구 상계동,1135010500,4,노원구,481.786133960047
2005,토마토파르코,15300,20230131,36.767,서울특별시 노원구 상계동,1135010500,3,노원구,416.13403323632605
2005,(506),35000,20231205,51.3,서울특별시 노원구 중계동,1135010600,7,노원구,682.2612085769981
2003,백마노블레스텔,10000,20230131,13.8,서울특별시 은평구 불광동,1138010300,5,은평구,724.6376811594203
2013,연신내역마에스트로,12000,20231107,17.38,서울특별시 은평구 대조동,1138010600,11,은평구,690.4487917146146
존재하지 않음,미가오피스텔,15000,20231103,27.36,서울특별시 은평구 응암동,1138010700,4,은평구,548.2456140350878
2003,송원하이본,11000,20230131,34.84,서울특별시 은평구 응암동,1138010700,3,은평구,315.7290470723306
2022,센트리움,21000,20230102,23.49,서울특별시 은평구 역촌동,1138010800,7,은평구,893.9974457215837
2022,센트리움,21500,20231105,23.49,서울특별시 은평구 역촌동,1138010800,6,은평구,915.2830991911452
2017,은평뉴타운 신한 헤센스마트,10000,20230110,19.65,서울특별시 은평구 진관동,1138011400,3,은평구,508.9058524173028
2013,아이파크 포레스트 게이트,14300,20230110,24.91,서울특별시 은평구 진관동,1138011400,14,은평구,574.0666399036531
2017,은평뉴타운 신한 헤센스마트,10500,20230110,20.04,서울특별시 은평구 진관동,1138011400,12,은평구,523.9520958083832
2013,아이파크 포레스트 게이트,14000,20231207,24.91,서울특별시 은평구 진관동,1138011400,6,은평구,562.0232838217584
2017,은평뉴타운솔하임,14000,20231208,18.717,서울특별시 은평구 진관동,1138011400,9,은평구,747.9831169525031
2017,은평뉴타운솔하임,14000,20231208,18.717,서울특별시 은평구 진관동,1138011400,9,은평구,747.9831169525031
2009,서대문 디오빌 오피스텔,17300,20230107,25.35,서울특별시 서대문구 충정로2가,1141010100,5,서대문구,682.4457593688362
2009,서대문 디오빌 오피스텔,17850,20230130,25.35,서울특별시 서대문구 충정로2가,1141010100,18,서대문구,704.1420118343195
2006,충정로대우디오빌,21000,20230104,30.86,서울특별시 서대문구 합동,1141010300,9,서대문구,680.4925469863902
2019,이대 포레스트,20700,20230102,17.84,서울특별시 서대문구 대현동,1141011200,10,서대문구,1160.3139013452915
2015,(90-58),14500,20230107,18.98,서울특별시 서대문구 대현동,1141011200,3,서대문구,763.9620653319283
2017,이대프리젠#1,16300,20230110,14.52,서울특별시 서대문구 대현동,1141011200,10,서대문구,1122.5895316804408
2014,신촌자이엘라,26500,20231104,28.3,서울특별시 서대문구 대현동,1141011200,7,서대문구,936.3957597173145
2014,신촌자이엘라,26850,20231104,29.45,서울특별시 서대문구 대현동,1141011200,15,서대문구,911.7147707979626
2017,영타운 지웰 에스테이트,18300,20231104,20.37,서울특별시 서대문구 대현동,1141011200,9,서대문구,898.3799705449189
2014,신촌자이엘라,26200,20231106,28.3,서울특별시 서대문구 대현동,1141011200,15,서대문구,925.7950530035336
2019,이대 포레스트,22500,20230131,17.84,서울특별시 서대문구 대현동,1141011200,10,서대문구,1261.2107623318386
2004,아남오피스텔,17000,20231103,28.08,서울특별시 서대문구 창천동,1141011600,15,서대문구,605.4131054131054
2004,아남오피스텔,17000,20231103,28.08,서울특별시 서대문구 창천동,1141011600,15,서대문구,605.4131054131054
2001,연희소프트빌,8500,20230102,16.2,서울특별시 서대문구 연희동,1141011700,10,서대문구,524.6913580246913
2002,정연 지오빌,9000,20230103,19.44,서울특별시 서대문구 연희동,1141011700,5,서대문구,462.96296296296293
2003,파라다이스텔에스비,9000,20230109,15.94,서울특별시 서대문구 연희동,1141011700,4,서대문구,564.6173149309913
2002,오벨리스크,10300,20231102,20.39,서울특별시 서대문구 연희동,1141011700,2,서대문구,505.1495831289848
2003,파라다이스텔에스비,9000,20230120,15.94,서울특별시 서대문구 연희동,1141011700,5,서대문구,564.6173149309913
2002,(15-3),9700,20230103,19.72,서울특별시 마포구 공덕동,1144010200,9,마포구,491.88640973630834
2013,공덕오피스타,13800,20230103,19.41,서울특별시 마포구 공덕동,1144010200,11,마포구,710.9737248840804
2002,(15-3),9500,20231103,18.15,서울특별시 마포구 공덕동,1144010200,3,마포구,523.4159779614325
존재하지 않음,갑을명가시티1,15650,20230107,19.73,서울특별시 마포구 신공덕동,1144010300,11,마포구,793.2083122149012
2005,메트로디오빌,24250,20231205,26.74,서울특별시 마포구 신공덕동,1144010300,18,마포구,906.8810770381451
2017,블루마리오피스텔,16400,20231205,17.73,서울특별시 마포구 신공덕동,1144010300,13,마포구,924.9858996051889
1988,고려아카데미텔,18500,20230102,20.25,서울특별시 마포구 도화동,1144010400,15,마포구,913.5802469135803
2013,이대역 푸르지오 시티,25000,20231107,28.8,서울특별시 마포구 대흥동,1144010800,11,마포구,868.0555555555555
2013,이대역 푸르지오 시티,26000,20231108,28.8,서울특별시 마포구 대흥동,1144010800,19,마포구,902.7777777777777
2013,이대역 푸르지오 시티,26000,20231109,28.8,서울특별시 마포구 대흥동,1144010800,9,마포구,902.7777777777777
2013,이대역 푸르지오 시티,24000,20230120,29.14,서울특별시 마포구 대흥동,1144010800,4,마포구,823.6101578586135
2006,아이바타워,13000,20230130,19.53,서울특별시 마포구 노고산동,1144011000,12,마포구,665.6426011264721
2014,동원 스위트뷰,11800,20231208,16.56,서울특별시 마포구 창전동,1144011400,4,마포구,712.56038647343
2018,엠제이더퍼스트홍대,24500,20231207,20.49,서울특별시 마포구 서교동,1144012000,12,마포구,1195.7052220595413
2003,파라다이스텔,25000,20231104,34.86,서울특별시 마포구 동교동,1144012100,4,마포구,717.154331612163
2002,마젤란21 오피스텔,19000,20231206,32.76,서울특별시 마포구 동교동,1144012100,10,마포구,579.97557997558
2014,KCC상암스튜디오380,15500,20231102,20.35,서울특별시 마포구 성산동,1144012500,10,마포구,761.6707616707616
2014,KCC상암스튜디오380,15500,20231104,23.09,서울특별시 마포구 성산동,1144012500,7,마포구,671.2862711130359
2016,상암 스위트포레,14000,20230120,18.55,서울특별시 마포구 성산동,1144012500,7,마포구,754.7169811320755
2017,벽산상암스마트큐브,14500,20231206,19.2,서울특별시 마포구 성산동,1144012500,13,마포구,755.2083333333334
2013,상암 한화 오벨리스크,14000,20230120,24.22,서울특별시 마포구 상암동,1144012700,2,마포구,578.0346820809249
2004,목동대림아크로텔,54000,20230130,55.75,서울특별시 마포구 신정동,1144011700,3,양천구,968.609865470852
2004,목동대림아크로텔,54000,20230130,55.75,서울특별시 양천구 신정동,1147010100,3,양천구,968.609865470852
2004,현대파리지앙,21000,20231102,37.78,서울특별시 양천구 목동,1147010200,14,양천구,555.8496559025939
2014,티오피클래식,24000,20231206,38.45,서울특별시 양천구 목동,1147010200,3,양천구,624.187256176853
2003,현대파크빌,12800,20231207,29.4,서울특별시 양천구 목동,1147010200,6,양천구,435.374149659864
2003,현대파크빌,12800,20231207,29.4,서울특별시 양천구 목동,1147010200,6,양천구,435.374149659864
2012,팔레시움,11200,20230105,18.14,서울특별시 강서구 염창동,1150010100,4,강서구,617.42006615215
2018,한빛어반뉴스토리,26000,20230106,28.69,서울특별시 강서구 염창동,1150010100,3,강서구,906.2391077030323
2019,진영리버타운,27800,20231109,34.23,서울특별시 강서구 염창동,1150010100,5,강서구,812.1530820917325
2021,루나클래식,32650,20230108,29.73,서울특별시 강서구 등촌동,1150010200,12,강서구,1098.2172889337369
2014,아이디움,10200,20230109,17.31,서울특별시 강서구 등촌동,1150010200,2,강서구,589.2547660311959
2020,경동미르웰양천향교2차,30000,20231205,29.68,서울특별시 강서구 등촌동,1150010200,15,강서구,1010.7816711590297
2016,경동미르웰한올림,14100,20231207,16.39,서울특별시 강서구 등촌동,1150010200,5,강서구,860.280658938377
2013,강서메트로칸,12300,20230130,18.28,서울특별시 강서구 등촌동,1150010200,14,강서구,672.8665207877461
2018,자하클래식,16500,20230103,15.88,서울특별시 강서구 화곡동,1150010300,7,강서구,1039.0428211586902
2021,나인스퀘어,34600,20230104,29.92,서울특별시 강서구 화곡동,1150010300,4,강서구,1156.417112299465
2021,나인스퀘어,34600,20230104,29.92,서울특별시 강서구 화곡동,1150010300,3,강서구,1156.417112299465
2022,케이씨타운,33900,20230106,27.62,서울특별시 강서구 화곡동,1150010300,5,강서구,1227.371469949312
2012,강서 동도센트리움,10100,20231104,19.567,서울특별시 강서구 화곡동,1150010300,15,강서구,516.1751929268667
2020,거마지엠밸리,18500,20231205,13.89,서울특별시 강서구 화곡동,1150010300,3,강서구,1331.893448524118
2022,브릴리언트 화곡,39700,20231209,29.99,서울특별시 강서구 화곡동,1150010300,13,강서구,1323.7745915305102
2022,브릴리언트 화곡,39200,20231209,29.29,서울특별시 강서구 화곡동,1150010300,15,강서구,1338.3407306247866
2022,브릴리언트 화곡,38200,20230131,29.99,서울특별시 강서구 화곡동,1150010300,11,강서구,1273.7579193064355
2022,브릴리언트 화곡,38200,20230131,29.29,서울특별시 강서구 화곡동,1150010300,8,강서구,1304.199385455787
2022,브릴리언트 화곡,38700,20230131,29.99,서울특별시 강서구 화곡동,1150010300,5,강서구,1290.4301433811272
2018,가양글로벌퍼스트,27700,20230105,28.12,서울특별시 강서구 가양동,1150010400,10,강서구,985.0640113798008
2002,이스타빌1차,13800,20231103,32.4,서울특별시 강서구 가양동,1150010400,9,강서구,425.9259259259259
2004,휴먼빌,12800,20231103,30.8,서울특별시 강서구 가양동,1150010400,9,강서구,415.5844155844156
2015,아르디에,13000,20230102,18.59,서울특별시 강서구 마곡동,1150010500,2,강서구,699.3006993006993
2016,스카이오피스텔,13000,20230103,17.52,서울특별시 강서구 마곡동,1150010500,7,강서구,742.0091324200913
2017,마곡럭스나인오피스텔 엘동,16600,20230103,21.87,서울특별시 강서구 마곡동,1150010500,5,강서구,759.0306355738454
2016,힐스테이트에코마곡,19900,20230103,24.46,서울특별시 강서구 마곡동,1150010500,10,강서구,813.5731807031889
2015,마곡 헤리움1차,18800,20230104,29.14,서울특별시 강서구 마곡동,1150010500,7,강서구,645.1612903225806
2017,마곡센트럴대방디엠시티오피스텔,38500,20230106,39.9724,서울특별시 강서구 마곡동,1150010500,9,강서구,963.1645835626582
2015,마곡대명투웨니퍼스트,14100,20230106,17.96,서울특별시 강서구 마곡동,1150010500,5,강서구,785.0779510022271
2015,우성르보아투,12600,20230106,20.24,서울특별시 강서구 마곡동,1150010500,9,강서구,622.5296442687747
2015,우성르보아투,12750,20230110,20.24,서울특별시 강서구 마곡동,1150010500,9,강서구,629.9407114624506
2015,우성르보아투,12750,20230110,20.24,서울특별시 강서구 마곡동,1150010500,10,강서구,629.9407114624506
2016,마곡럭스나인오피스텔,17400,20231101,21.87,서울특별시 강서구 마곡동,1150010500,9,강서구,795.6104252400548
2016,마곡아이파크,17700,20231102,23.822,서울특별시 강서구 마곡동,1150010500,12,강서구,743.0106624128956
2015,아르디에,13000,20231103,18.59,서울특별시 강서구 마곡동,1150010500,9,강서구,699.3006993006993
2016,마곡럭스나인오피스텔,17000,20231106,21.87,서울특별시 강서구 마곡동,1150010500,3,강서구,777.3205304069501
2017,힐스테이트에코동익,21000,20231106,24.57,서울특별시 강서구 마곡동,1150010500,12,강서구,854.7008547008547
2017,힐스테이트 에코 마곡역,17500,20231106,19.8681,서울특별시 강서구 마곡동,1150010500,13,강서구,880.808934925836
2017,힐스테이트에코 마곡나루역 라마다앙코르 서울마곡,18600,20231106,20.842,서울특별시 강서구 마곡동,1150010500,7,강서구,892.4287496401497
2015,유림트윈파크,13500,20231107,19.99,서울특별시 강서구 마곡동,1150010500,10,강서구,675.3376688344173
2015,유림트윈파크,13500,20231107,19.99,서울특별시 강서구 마곡동,1150010500,10,강서구,675.3376688344173
2016,마곡나루역캐슬파크,21000,20231107,23.39,서울특별시 강서구 마곡동,1150010500,8,강서구,897.8195810175289
2016,마곡나루역캐슬파크,22800,20231109,23.39,서울특별시 강서구 마곡동,1150010500,14,강서구,974.7755451047456
2015,유림트윈파크,13890,20231207,19.99,서울특별시 강서구 마곡동,1150010500,9,강서구,694.847423711856
2017,힐스테이트에코동익,22000,20231207,24.57,서울특별시 강서구 마곡동,1150010500,10,강서구,895.4008954008954
2015,유림트윈파크,13900,20231207,19.99,서울특별시 강서구 마곡동,1150010500,6,강서구,695.3476738369185
2005,대룡드림타워-Ⅱ,9300,20230130,25.83,서울특별시 강서구 공항동,1150010800,10,강서구,360.04645760743324
1999,에어뷰21-1오피스텔,8400,20230102,24.99,서울특별시 강서구 방화동,1150010900,9,강서구,336.1344537815126
2002,오피앙2,7800,20230110,22.5,서울특별시 강서구 방화동,1150010900,10,강서구,346.6666666666667
2011,(620-214),12000,20231106,27.37,서울특별시 강서구 방화동,1150010900,12,강서구,438.4362440628425
1999,하이포트,9000,20231108,29.8,서울특별시 강서구 방화동,1150010900,8,강서구,302.0134228187919
2011,(620-214),11500,20231206,27.37,서울특별시 강서구 방화동,1150010900,2,강서구,420.16806722689074
2011,(620-214),13400,20231208,31.33,서울특별시 강서구 방화동,1150010900,2,강서구,427.7050750079796
2013,비즈트위트 오렌지,12000,20230102,17.81,서울특별시 구로구 구로동,1153010200,11,구로구,673.778775968557
2012,비즈트위트 레인보우,12800,20230103,19.61,서울특별시 구로구 구로동,1153010200,19,구로구,652.7281998980112
2003,한라빌리언스 오피스텔,14700,20230104,25.99,서울특별시 구로구 구로동,1153010200,8,구로구,565.602154674875
2014,그린플러스 구로 해담채3,11000,20230106,17.35,서울특별시 구로구 구로동,1153010200,9,구로구,634.0057636887608
2005,우진체리쉬,20250,20231101,61.38,서울특별시 구로구 구로동,1153010200,5,구로구,329.9120234604105
2013,비즈트위트 오렌지,12400,20231101,20.8,서울특별시 구로구 구로동,1153010200,16,구로구,596.1538461538462
2005,SK 허브수,32500,20231104,47.16,서울특별시 구로구 구로동,1153010200,12,구로구,689.1433418150976
2012,비즈트위트 레인보우,11000,20231104,21.52,서울특별시 구로구 구로동,1153010200,17,구로구,511.1524163568773
2013,비즈트위트 오렌지,12000,20231106,17.81,서울특별시 구로구 구로동,1153010200,10,구로구,673.778775968557
2012,대림역 와이즈플레이스,14500,20231108,29.611,서울특별시 구로구 구로동,1153010200,13,구로구,489.68288811590287
2011,하나세인스톤1차,15100,20231208,27.8606,서울특별시 구로구 구로동,1153010200,6,구로구,541.9840204446422
2002,인화오벨리아,7500,20231109,30.0,서울특별시 구로구 가리봉동,1153010300,2,구로구,250.0
2021,드어반트라움,30000,20230106,29.63,서울특별시 구로구 고척동,1153010600,8,구로구,1012.4873439082012
2021,드어반트라움,30000,20231207,29.63,서울특별시 구로구 고척동,1153010600,3,구로구,1012.4873439082012
2021,드어반트라움,30000,20230130,29.63,서울특별시 구로구 고척동,1153010600,9,구로구,1012.4873439082012
2001,(134-1),9500,20231103,29.26,서울특별시 구로구 오류동,1153010800,8,구로구,324.67532467532465
2020,몽삐에뜨6차,23300,20230109,25.82,서울특별시 금천구 가산동,1154510100,11,금천구,902.4012393493416
2017,가산대명벨리온,11000,20230109,16.61,서울특별시 금천구 가산동,1154510100,3,금천구,662.2516556291391
2013,램킨푸르지오시티,12600,20231102,19.96,서울특별시 금천구 가산동,1154510100,7,금천구,631.2625250501002
2013,램킨푸르지오시티,12600,20231102,19.96,서울특별시 금천구 가산동,1154510100,7,금천구,631.2625250501002
2022,명남더블레스,23800,20231103,20.94,서울특별시 금천구 가산동,1154510100,7,금천구,1136.5807067812798
2017,가산대명벨리온,11000,20231108,16.61,서울특별시 금천구 가산동,1154510100,6,금천구,662.2516556291391
2017,가산대명벨리온,11000,20231108,16.61,서울특별시 금천구 가산동,1154510100,6,금천구,662.2516556291391
2020,가산센트럴 푸르지오시티,15000,20231205,17.62,서울특별시 금천구 가산동,1154510100,14,금천구,851.3053348467649
2017,가산대명벨리온,12300,20231207,16.28,서울특별시 금천구 가산동,1154510100,8,금천구,755.5282555282555
존재하지 않음,한별 #3,41300,20230103,48.26,서울특별시 금천구 독산동,1154510200,5,금천구,855.781185246581
존재하지 않음,한별 #3,40200,20230103,48.26,서울특별시 금천구 독산동,1154510200,2,금천구,832.9879817654372
존재하지 않음,한별 #3,41950,20230103,50.88,서울특별시 금천구 독산동,1154510200,2,금천구,824.4889937106918
존재하지 않음,한별 #3,41950,20230103,50.88,서울특별시 금천구 독산동,1154510200,2,금천구,824.4889937106918
존재하지 않음,한별 #3,40000,20230103,47.94,서울특별시 금천구 독산동,1154510200,2,금천구,834.3763037129746
존재하지 않음,한별 #3,40900,20230103,48.26,서울특별시 금천구 독산동,1154510200,3,금천구,847.4927476170742
존재하지 않음,한별 #3,42600,20230103,50.88,서울특별시 금천구 독산동,1154510200,3,금천구,837.2641509433962
존재하지 않음,한별 #3,27400,20230103,28.62,서울특별시 금천구 독산동,1154510200,3,금천구,957.3724668064291
존재하지 않음,한별 #3,42600,20230103,50.88,서울특별시 금천구 독산동,1154510200,3,금천구,837.2641509433962
존재하지 않음,한별 #3,40900,20230103,48.26,서울특별시 금천구 독산동,1154510200,3,금천구,847.4927476170742
존재하지 않음,한별 #3,41300,20230103,48.26,서울특별시 금천구 독산동,1154510200,4,금천구,855.781185246581
존재하지 않음,한별 #3,42600,20230103,50.88,서울특별시 금천구 독산동,1154510200,4,금천구,837.2641509433962
존재하지 않음,한별 #3,27400,20230103,28.62,서울특별시 금천구 독산동,1154510200,4,금천구,957.3724668064291
존재하지 않음,한별 #3,42600,20230103,50.88,서울특별시 금천구 독산동,1154510200,4,금천구,837.2641509433962
존재하지 않음,한별 #3,42600,20230103,50.88,서울특별시 금천구 독산동,1154510200,5,금천구,837.2641509433962
존재하지 않음,한별 #3,27400,20230103,28.62,서울특별시 금천구 독산동,1154510200,5,금천구,957.3724668064291
존재하지 않음,한별 #3,42600,20230103,50.88,서울특별시 금천구 독산동,1154510200,5,금천구,837.2641509433962
존재하지 않음,한별 #3,41500,20230103,48.26,서울특별시 금천구 독산동,1154510200,5,금천구,859.9254040613345
존재하지 않음,한별 #3,41300,20230103,48.26,서울특별시 금천구 독산동,1154510200,4,금천구,855.781185246581
존재하지 않음,한별 #3,41300,20230103,48.26,서울특별시 금천구 독산동,1154510200,6,금천구,855.781185246581
존재하지 않음,한별 #3,42600,20230103,50.88,서울특별시 금천구 독산동,1154510200,6,금천구,837.2641509433962
존재하지 않음,한별 #3,27400,20230103,28.62,서울특별시 금천구 독산동,1154510200,6,금천구,957.3724668064291
존재하지 않음,한별 #3,41500,20230103,48.26,서울특별시 금천구 독산동,1154510200,6,금천구,859.9254040613345
존재하지 않음,한별 #3,42600,20230103,50.88,서울특별시 금천구 독산동,1154510200,6,금천구,837.2641509433962
2017,SD 아크로타워,22000,20231109,35.15,서울특별시 금천구 독산동,1154510200,8,금천구,625.8890469416785
2022,유원블리스독산,31210,20231207,29.02,서울특별시 금천구 독산동,1154510200,6,금천구,1075.4651964162647
2019,금천 롯데캐슬 골드파크 4차,16500,20231208,24.21,서울특별시 금천구 독산동,1154510200,7,금천구,681.5365551425031
1992,리버타워 오피스텔,6800,20230106,25.74,서울특별시 영등포구 영등포동2가,1156010300,8,영등포구,264.1802641802642
2022,여의샛강 소미골드5차,26500,20231205,19.85,서울특별시 영등포구 영등포동2가,1156010300,10,영등포구,1335.0125944584381
2018,소담더블린,8200,20230104,15.6428,서울특별시 영등포구 영등포동3가,1156010400,6,영등포구,524.202828138185
2018,소담더블린,10500,20231105,15.6428,서울특별시 영등포구 영등포동3가,1156010400,4,영등포구,671.2353287135296
2013,영등포 센트럴 푸르지오 시티,23900,20231106,29.75,서울특별시 영등포구 영등포동4가,1156010500,20,영등포구,803.3613445378152
2021,신현빌6차,29500,20230104,21.96,서울특별시 영등포구 영등포동6가,1156010700,3,영등포구,1343.351548269581
2021,신현빌6차,29500,20230104,22.52,서울특별시 영등포구 영등포동6가,1156010700,2,영등포구,1309.9467140319716
2010,근상프리즘아파트,12000,20230110,21.06,서울특별시 영등포구 영등포동7가,1156010800,3,영등포구,569.8005698005699
2022,한가람 더원 201동,27800,20231108,24.9732,서울특별시 영등포구 영등포동7가,1156010800,14,영등포구,1113.1933432639792
2022,여의도 웨스턴 힐 오피스텔,28562,20231109,17.375,서울특별시 영등포구 영등포동7가,1156010800,12,영등포구,1643.8561151079136
2022,여의도 웨스턴 힐 오피스텔,27878,20231109,17.375,서울특별시 영등포구 영등포동7가,1156010800,6,영등포구,1604.4892086330935
2022,여의도 웨스턴 힐 오피스텔,28299,20231109,17.375,서울특별시 영등포구 영등포동7가,1156010800,9,영등포구,1628.7194244604316
2022,여의도 웨스턴 힐 오피스텔,27878,20230120,17.375,서울특별시 영등포구 영등포동7가,1156010800,6,영등포구,1604.4892086330935
2022,여의도 웨스턴 힐 오피스텔,27562,20230120,17.375,서울특별시 영등포구 영등포동7가,1156010800,4,영등포구,1586.3021582733813
2022,여의도 웨스턴 힐 오피스텔,28509,20230120,17.375,서울특별시 영등포구 영등포동7가,1156010800,11,영등포구,1640.8057553956835
2014,한양아이클래스 오피스텔,14000,20231101,19.86,서울특별시 영등포구 영등포동8가,1156010900,6,영등포구,704.9345417925479
2019,(주)신한 여의도 드림리버 오피스텔,24000,20231104,24.5,서울특별시 영등포구 여의도동,1156011000,5,영등포구,979.5918367346939
2021,D.S라르,33900,20231105,29.9399,서울특별시 영등포구 여의도동,1156011000,6,영등포구,1132.2683108494016
2018,파비앵 105동,25000,20231103,45.45,서울특별시 영등포구 당산동1가,1156011100,2,영등포구,550.05500550055
2014,데시앙루브 오피스텔,24300,20230106,28.24,서울특별시 영등포구 당산동5가,1156011500,6,영등포구,860.4815864022663
2013,당산 삼성쉐르빌,20500,20231206,25.92,서울특별시 영등포구 당산동5가,1156011500,5,영등포구,790.895061728395
2014,데시앙루브 오피스텔,22500,20231207,28.24,서울특별시 영등포구 당산동5가,1156011500,13,영등포구,796.7422096317281
2004,명지 페르마타,12500,20231101,28.36,서울특별시 영등포구 문래동5가,1156012300,7,영등포구,440.7616361071932
2004,명지 페르마타,10900,20231104,25.93,서울특별시 영등포구 문래동5가,1156012300,8,영등포구,420.3625144620131
2005,문래파라곤 201동,51500,20231205,68.85,서울특별시 영등포구 문래동6가,1156012400,15,영등포구,748.0029048656501
2004,CO-OP Residence/오목교,10600,20230105,26.38,서울특별시 영등포구 양평동2가,1156012600,4,영등포구,401.81956027293404
2017,디에이원파크,21000,20230130,28.02,서울특별시 영등포구 양평동2가,1156012600,8,영등포구,749.4646680942184
2003,양평동 우림보보카운티 오피스텔,8450,20230120,17.27,서울특별시 영등포구 양평동3가,1156012700,11,영등포구,489.2877822814129
2017,선유도한강오피스텔,30000,20230104,34.23,서울특별시 영등포구 양평동4가,1156012800,3,영등포구,876.4241893076249
2022,금강노블레스,35000,20231102,31.47,서울특별시 영등포구 양평동6가,1156013000,12,영등포구,1112.1703209405784
2018,G밸리소홈,13950,20231101,20.21,서울특별시 영등포구 대림동,1156013300,3,영등포구,690.2523503216229
2015,메가스터디타워,17000,20230106,19.277,서울특별시 동작구 노량진동,1159010100,11,동작구,881.8799605747782
2015,메가스터디타워,18000,20230120,19.277,서울특별시 동작구 노량진동,1159010100,9,동작구,933.7552523732945
2020,상도 프라이드 522,23500,20231101,18.51,서울특별시 동작구 상도1동,1159010300,2,동작구,1269.5840086439762
2004,청룡2오피스텔,6000,20230102,10.92,서울특별시 관악구 봉천동,1162010100,5,관악구,549.4505494505495
2013,PRAVIDA 162,17950,20230107,18.7,서울특별시 관악구 봉천동,1162010100,13,관악구,959.8930481283422
2013,PRAVIDA 162,18700,20230107,19.82,서울특별시 관악구 봉천동,1162010100,9,관악구,943.4914228052472
2012,서울대역해담채,13800,20230109,17.91,서울특별시 관악구 봉천동,1162010100,2,관악구,770.5192629815746
2013,봉천동 867-12 공동주택 (대호아이피개발주식회사),17700,20230110,24.74,서울특별시 관악구 봉천동,1162010100,3,관악구,715.4405820533549
존재하지 않음,서울대입구 한양아이클래스,18500,20231104,20.77,서울특별시 관악구 봉천동,1162010100,5,관악구,890.7077515647569
2021,더헤르미온,23000,20231107,15.45,서울특별시 관악구 봉천동,1162010100,5,관악구,1488.673139158576
2022,더울림메트로타워,24500,20231108,24.09,서울특별시 관악구 봉천동,1162010100,15,관악구,1017.0195101701951
2017,덕산스테이트,17000,20231108,19.14,서울특별시 관악구 봉천동,1162010100,11,관악구,888.1922675026123
2010,IP TOWER,14000,20231109,17.99,서울특별시 관악구 봉천동,1162010100,2,관악구,778.2101167315176
2010,케이타워 오피스텔,10000,20231205,18.24,서울특별시 관악구 봉천동,1162010100,7,관악구,548.2456140350878
2005,에이스 에이-존,18300,20231205,26.4,서울특별시 관악구 봉천동,1162010100,13,관악구,693.1818181818182
존재하지 않음,서울대입구 한양아이클래스,18200,20231208,20.77,서울특별시 관악구 봉천동,1162010100,6,관악구,876.2638420799229
2011,삼모 더 프라임 타워,16600,20230106,23.89,서울특별시 관악구 신림동,1162010200,11,관악구,694.8514022603599
2013,프라비다트라움,18400,20231108,17.16,서울특별시 관악구 신림동,1162010200,4,관악구,1072.2610722610723
2003,화인오피스텔,9800,20231208,15.9,서울특별시 관악구 남현동,1162010300,6,관악구,616.3522012578616
1988,방배오피스텔,51000,20231101,35.2,서울특별시 서초구 방배동,1165010100,2,서초구,1448.8636363636363
2020,반포래디앙 시그니처,34800,20231103,29.11,서울특별시 서초구 방배동,1165010100,6,서초구,1195.4654757815183
1991,삼호물산빌딩,21700,20230102,54.72,서울특별시 서초구 양재동,1165010200,18,서초구,396.56432748538015
1991,트윈타워,12000,20230104,24.07,서울특별시 서초구 양재동,1165010200,18,서초구,498.54590776900704
1991,트윈타워,13750,20230107,24.07,서울특별시 서초구 양재동,1165010200,5,서초구,571.2505193186539
1991,삼호물산빌딩,12000,20231206,27.36,서울특별시 서초구 양재동,1165010200,18,서초구,438.5964912280702
1991,트윈타워,13700,20230131,24.07,서울특별시 서초구 양재동,1165010200,13,서초구,569.1732447029498
2015,미라쉘,14800,20231102,20.12,서울특별시 서초구 우면동,1165010300,3,서초구,735.58648111332
2003,벨라채 오피스텔,14300,20230107,26.97,서울특별시 서초구 서초동,1165010800,6,서초구,530.2187615869485
2013,강남 효성 해링턴 타워,30000,20230109,32.1,서울특별시 서초구 서초동,1165010800,4,서초구,934.5794392523364
2004,동양라디안루키,13000,20231105,20.5,서울특별시 서초구 서초동,1165010800,15,서초구,634.1463414634146
2005,피앤디 솔로빌,13300,20231108,15.76,서울특별시 서초구 서초동,1165010800,13,서초구,843.9086294416244
1990,(1307-7),30000,20231205,29.14,서울특별시 서초구 서초동,1165010800,7,서초구,1029.512697323267
2005,서초현대렉시온,34600,20231208,33.24,서울특별시 서초구 서초동,1165010800,24,서초구,1040.9145607701564
2004,강남역 롯데골드로즈,37000,20230130,44.035,서울특별시 서초구 서초동,1165010800,17,서초구,840.2407176109913
2017,강남역파라디아골드,20500,20230130,20.16,서울특별시 서초구 서초동,1165010800,3,서초구,1016.8650793650794
2017,강남역파라디아골드,21000,20230130,18.109,서울특별시 서초구 서초동,1165010800,6,서초구,1159.6443757247775
2017,강남역파라디아골드,21000,20230130,20.118,서울특별시 서초구 서초동,1165010800,11,서초구,1043.8413361169103
2015,해피트리앤,16600,20230107,21.238,서울특별시 서초구 신원동,1165011100,3,서초구,781.6178547885866
2004,에스케이허브 오피스텔,28000,20230105,28.53,서울특별시 강남구 역삼동,1168010100,11,강남구,981.4230634419908
2006,메이플라워멤버스빌오피스텔,14500,20230106,20.1,서울특별시 강남구 역삼동,1168010100,6,강남구,721.3930348258706
2004,에스케이허브 오피스텔,27900,20230109,27.83,서울특별시 강남구 역삼동,1168010100,10,강남구,1002.5152712899749
2004,대우디오빌플러스,25800,20231102,35.16,서울특별시 강남구 역삼동,1168010100,11,강남구,733.7883959044369
2004,에스케이허브 오피스텔,38000,20231103,37.36,서울특별시 강남구 역삼동,1168010100,11,강남구,1017.1306209850108
2019,강남웅진베어스빌,37700,20231106,24.25,서울특별시 강남구 역삼동,1168010100,4,강남구,1554.639175257732
2016,역삼 푸르지오 시티,27500,20231106,23.9,서울특별시 강남구 역삼동,1168010100,10,강남구,1150.6276150627616
2014,강남역 효성해링턴 타워 더퍼스트,28500,20231107,25.73,서울특별시 강남구 역삼동,1168010100,9,강남구,1107.6564321803341
2011,역삼 이스타빌,108000,20231107,97.14,서울특별시 강남구 역삼동,1168010100,7,강남구,1111.7974058060531
2012,강남역 서희스타힐스 오피스텔,25350,20231107,29.88,서울특별시 강남구 역삼동,1168010100,3,강남구,848.3935742971888
1994,삼성제일빌딩,37000,20231108,45.47,서울특별시 강남구 역삼동,1168010100,11,강남구,813.7233340664175
2004,성우스타우스오피스텔,24500,20230120,33.59,서울특별시 강남구 역삼동,1168010100,3,강남구,729.3837451622506
2019,역삼역센트럴푸르지오시티,21800,20231208,17.573,서울특별시 강남구 역삼동,1168010100,13,강남구,1240.5394639503784
2014,K타워 오피스텔,20000,20230131,21.26,서울특별시 강남구 역삼동,1168010100,11,강남구,940.7337723424271
1991,현대 오피스텔,33000,20231109,25.2,서울특별시 강남구 청담동,1168010400,12,강남구,1309.5238095238096
1991,경원오피스텔,21000,20231205,22.77,서울특별시 강남구 청담동,1168010400,16,강남구,922.266139657444
2003,삼성동포스코 더샵,85000,20230105,67.43,서울특별시 강남구 삼성동,1168010500,3,강남구,1260.5665134213257
1990,(143-19),14000,20231104,20.94,서울특별시 강남구 삼성동,1168010500,6,강남구,668.5768863419293
2004,더 나인 오피스텔,20700,20230107,29.97,서울특별시 강남구 대치동,1168010600,15,강남구,690.6906906906908
2004,선릉역 롯데골드로즈2,29000,20231101,34.32,서울특별시 강남구 대치동,1168010600,17,강남구,844.988344988345
2004,신안메트로칸,27770,20231205,30.11,서울특별시 강남구 대치동,1168010600,15,강남구,922.2849551643973
2004,신안메트로칸,27770,20231205,30.11,서울특별시 강남구 대치동,1168010600,15,강남구,922.2849551643973
1991,거평타운오피스텔,26000,20231102,40.64,서울특별시 강남구 논현동,1168010800,12,강남구,639.763779527559
2003,논현동대우아이빌 힐타운,30000,20231108,40.35,서울특별시 강남구 논현동,1168010800,6,강남구,743.4944237918215
2014,강남 지웰홈스,18100,20231102,25.155,서울특별시 강남구 자곡동,1168011200,8,강남구,719.5388590737427
2014,강남 지웰홈스,18000,20231106,23.715,서울특별시 강남구 자곡동,1168011200,8,강남구,759.0132827324478
2022,빌리브 파비오 더 까사,65000,20231109,58.7027,서울특별시 강남구 자곡동,1168011200,5,강남구,1107.2744524527832
2003,사이룩스,32500,20231102,40.88,서울특별시 강남구 수서동,1168011500,14,강남구,795.0097847358121
2003,사이룩스,45500,20231108,53.1,서울특별시 강남구 수서동,1168011500,3,강남구,856.8738229755179
2003,타워팰리스,188500,20230105,79.04,서울특별시 강남구 도곡동,1168011800,7,강남구,2384.868421052631
1998,우성캐릭터199,44500,20231103,45.93,서울특별시 강남구 도곡동,1168011800,14,강남구,968.8656651426083
2003,타워팰리스,205000,20231104,98.99,서울특별시 강남구 도곡동,1168011800,7,강남구,2070.9162541670876
1991,위너스오피스텔I,25900,20231103,27.36,서울특별시 송파구 잠실동,1171010100,8,송파구,946.6374269005848
존재하지 않음,롯데월드타워앤드롯데월드몰,950000,20230110,237.18,서울특별시 송파구 신천동,1171010200,64,송파구,4005.3967450881187
1992,제일오피스텔,17600,20231108,30.06,서울특별시 송파구 가락동,1171010700,14,송파구,585.4956753160346
2004,한화오벨리스크,16800,20230130,34.9,서울특별시 송파구 가락동,1171010700,11,송파구,481.37535816618913
존재하지 않음,파크하비오,21000,20230102,23.76,서울특별시 송파구 문정동,1171010800,9,송파구,883.8383838383838
2018,송파법조타운푸르지오시티,21000,20230103,20.45,서울특별시 송파구 문정동,1171010800,12,송파구,1026.8948655256725
존재하지 않음,파크하비오,21300,20230103,23.76,서울특별시 송파구 문정동,1171010800,10,송파구,896.4646464646464
존재하지 않음,파크하비오,51000,20230104,48.93,서울특별시 송파구 문정동,1171010800,15,송파구,1042.3053341508278
2018,문정 오벨리스크,22500,20230105,24.09,서울특별시 송파구 문정동,1171010800,7,송파구,933.9975093399751
2015,송파 아이파크,57800,20230106,49.87,서울특별시 송파구 문정동,1171010800,6,송파구,1159.0134349308203
존재하지 않음,파크하비오,23000,20230109,27.53,서울특별시 송파구 문정동,1171010800,18,송파구,835.4522339266255
존재하지 않음,파크하비오,47000,20230109,48.96,서울특별시 송파구 문정동,1171010800,13,송파구,959.9673202614379
2017,문정 아이파크,23700,20231101,25.77,서울특별시 송파구 문정동,1171010800,14,송파구,919.674039580908
2017,힐스테이트에코송파,18000,20231106,21.064,서울특별시 송파구 문정동,1171010800,4,송파구,854.538549183441
존재하지 않음,파크하비오,45900,20231108,47.04,서울특별시 송파구 문정동,1171010800,14,송파구,975.765306122449
존재하지 않음,파크하비오,20400,20231108,23.24,서울특별시 송파구 문정동,1171010800,12,송파구,877.7969018932874
존재하지 않음,파크하비오,43000,20231109,48.93,서울특별시 송파구 문정동,1171010800,11,송파구,878.8064582055998
2017,힐스테이트에코송파,20000,20231208,21.064,서울특별시 송파구 문정동,1171010800,16,송파구,949.48727687049
2013,송파푸르지오시티,28000,20230130,29.63,서울특별시 송파구 문정동,1171010800,5,송파구,944.9881876476544
2019,엘루이시티,18800,20230105,17.4508,서울특별시 송파구 방이동,1171011100,7,송파구,1077.314507071309
존재하지 않음,대명벨리온,20000,20230110,17.12,서울특별시 송파구 방이동,1171011100,13,송파구,1168.2242990654204
2018,오르본 인투파크 오피스텔,31800,20231207,28.999,서울특별시 송파구 방이동,1171011100,17,송파구,1096.5895375702612
2020,고덕역 효성해링턴 타워 더퍼스트,19400,20231102,19.5083,서울특별시 강동구 명일동,1174010100,14,강동구,994.4485167851633
2018,고덕역 갑을명가시티 오피스텔,13650,20230130,19.63,서울특별시 강동구 명일동,1174010100,5,강동구,695.364238410596
2020,거산 유팰리스,23740,20230103,16.56,서울특별시 강동구 길동,1174010500,17,강동구,1433.5748792270533
2020,거산 유팰리스,32420,20230103,29.31,서울특별시 강동구 길동,1174010500,16,강동구,1106.1071306721255
2013,강동 큐브 2차,10000,20230105,19.61,서울특별시 강동구 길동,1174010500,3,강동구,509.94390617032127
2020,거산 유팰리스,20916,20230105,16.56,서울특별시 강동구 길동,1174010500,12,강동구,1263.0434782608697
2012,길동청광플러스원큐브1차,11000,20231106,20.45,서울특별시 강동구 길동,1174010500,4,강동구,537.8973105134475
2012,길동청광플러스원큐브1차,11500,20231106,19.925,서울특별시 강동구 길동,1174010500,3,강동구,577.1643663739021
1993,일성하이츠오피스텔,7000,20231108,22.77,서울특별시 강동구 길동,1174010500,12,강동구,307.42204655248133
2003,인택스파크뷰,27800,20231106,45.9,서울특별시 강동구 성내동,1174010800,3,강동구,605.6644880174292
2007,브라운스톤천호,20800,20230130,30.26,서울특별시 강동구 성내동,1174010800,13,강동구,687.3760740251156
2017,다성 이즈빌,22500,20230102,29.01,서울특별시 강동구 천호동,1174010900,2,강동구,775.5946225439503
2015,천호역 한강 푸르지오시티,18800,20230106,25.24,서울특별시 강동구 천호동,1174010900,28,강동구,744.8494453248812
2015,천호역 한강 푸르지오시티,18000,20230107,25.24,서울특별시 강동구 천호동,1174010900,24,강동구,713.1537242472267
2015,천호역 한강 푸르지오시티,18000,20231103,25.06,서울특별시 강동구 천호동,1174010900,19,강동구,718.2761372705507
2015,천호역 한강 푸르지오시티,18300,20231103,25.55,서울특별시 강동구 천호동,1174010900,13,강동구,716.2426614481409
2004,강동역두산위브센티움,15000,20231104,31.43,서울특별시 강동구 천호동,1174010900,15,강동구,477.2510340439071
2015,천호역 한강 푸르지오시티,16100,20231104,25.24,서울특별시 강동구 천호동,1174010900,7,강동구,637.8763866877972
2015,천호역 한강 푸르지오시티,17700,20231104,25.24,서울특별시 강동구 천호동,1174010900,13,강동구,701.2678288431063
1994,힐탑프라자,9500,20230130,20.48,서울특별시 강동구 천호동,1174010900,7,강동구,463.8671875
2013,강일임페리얼타워,10650,20231207,28.66,서울특별시 강동구 강일동,1174011000,8,강동구,371.59804605722263
